timestamp,gyrox,gyroy,gyroz,accx,accy,accz
10,24.12,-43.19,-30.37,-3.17,1.17,-0.4
20,15.5,-33.31,-26.25,-2.88,1.87,-1.11
30,7.19,-33.25,-33,-2.71,2.09,-1.73
40,4.87,-41.69,-43.38,-2.76,1.75,-1.59
50,10.06,-52.13,-53.5,-2.88,1.13,-1.27
60,18.81,-59.94,-60.13,-3.11,-0.17,-0.69
70,25.06,-63.88,-61.44,-3.32,-0.71,-0.55
80,25.87,-63,-56.75,-3.48,-1.04,-0.48
90,23.56,-58.94,-46.56,-3.38,-1.16,-0.74
100,17.12,-56.88,-34.69,-3.11,-0.93,-1.35
110,9.69,-58.38,-23.5,-2.81,-0.57,-1.51
120,7.44,-65.69,-16.75,-2.41,-0.32,-1.71
130,8.25,-79,-13.38,-2.02,-0.01,-1.64
140,8.5,-92.69,-13.13,-1.15,0.74,0
150,12.94,-102.19,-15.06,-0.57,1.37,0.72
160,21.75,-105.75,-23.19,0,1.62,1.18
170,29.37,-100.69,-37.63,0.2,1.16,1.4
180,32.63,-88.12,-44.88,0.23,-0.52,2.05
190,34.81,-73.81,-40.13,0.48,-0.81,2.27
200,38.13,-60.56,-28.75,0.71,-0.79,2.33
210,39.75,-46.94,-15.56,1.77,0.38,1.79
220,37,-36.13,-8.31,2.42,0.81,1.69
230,32.25,-28.87,-8.44,2.78,0.94,1.87
240,31.06,-22.37,-10.75,3.05,1.04,2.1
250,35.5,-14.38,-11.31,3.61,1.7,1.8
260,40.19,-5.37,-11.38,4.09,1.92,1.12
270,37.38,-1,-14.69,4.31,1.54,0.6
280,26.62,-2.62,-13.69,4.3,0.97,0.51
290,15.06,-7,-2.19,5.18,1.27,1.07
300,15.06,-7,-2.19,5.74,1.93,1.56
310,7,-22.12,23.5,6.35,2.86,2.2
320,9.75,-31.75,30,8.48,6.11,2.61
330,12.19,-32.31,15.56,8.81,6.67,2.73
340,15,-15.19,-20.75,8.67,6.03,2.83
350,6,34.75,-59.94,7.85,4.52,2.63
360,-6.75,86.56,-83.62,7.01,1.37,-0.46
370,-18.06,132.31,-91.56,6.8,0.33,-1.05
380,-35.06,160.5,-87.62,6.57,-0.45,-1.13
390,-39.19,154,-76.25,5.96,-1.58,-3.11
400,-39.19,154,-76.25,5.19,-2.4,-3.53
410,-33.44,73.12,-23.87,5.13,-0.92,-1.64
420,-17.56,50.19,-2.87,5.65,1.08,-0.3
430,-2.19,60.56,-4.75,5.76,2.6,0.03
440,-6.44,92.31,-28.5,4.88,1.52,-2.44
450,-6.44,92.31,-28.5,3.93,-0.27,-2.99
460,-28,115.56,-55.31,2.96,-1.77,-3.36
470,-38.56,98.12,-58.63,1.76,-3.2,-3.25
480,-32.44,81.37,-43.75,1.15,-3.48,-2.86
490,-30.12,74.56,-32.38,0.66,-3.84,-2.61
500,-30.12,74.56,-32.38,-0.34,-4.44,-2.9
510,-31.19,77.06,-23.31,-1.3,-4.71,-3.34
520,-40.5,73.06,10.69,-1.73,-4.73,-3.18
530,-46.75,68.37,32.44,-1.66,-3.67,-2.44
540,-53.19,65.69,43.38,-1.78,-3.19,-1.35
550,-53.19,65.69,43.38,-1.78,-3.19,-1.35
560,-53.25,68.31,44.06,-4.85,-4.31,-1.88
570,-62.38,74.37,90.94,-4.58,-2.47,-1.55
580,-38.38,64.62,105,-3.62,1.16,-1.03
590,-17.87,55.19,94.37,-3.55,1.62,0.17
600,-17.87,55.19,94.37,-3.55,1.62,0.17
610,0.81,50.56,66,-4.36,0.08,0.63
620,26.25,57.94,16.87,-5.79,-3.55,0
630,21.75,64.12,13.69,-6.49,-5.34,-0.71
640,13.13,65.12,28.31,-6.88,-6.53,-1.11
650,13.13,65.12,28.31,-6.88,-6.53,-1.11
660,4.94,58.94,58.88,-7.01,-6.74,-1.09
670,14.25,32.81,130.06,-5.3,-1.68,-0.65
680,18.37,23.81,143.19,-5.01,-0.32,-0.56
690,14.81,18.94,143.31,-4.74,0.62,-0.62
700,14.81,18.94,143.31,-4.74,0.62,-0.62
710,6.06,14.19,131.44,-5.43,-0.26,-0.38
720,0.56,1.75,119.31,-6.05,-1.84,-0.07
730,5.75,-3.87,128.62,-6.18,-1.42,-0.53
740,7.44,-9.19,135.75,-6.39,-1.36,-0.81
750,7.44,-9.19,135.75,-6.39,-1.36,-0.81
760,3.81,-13.75,139.19,-6.65,-1.38,-0.94
770,-8.25,-18.75,141.62,-7.77,-1.61,0.93
780,-5.37,-8,137.75,-7.39,-1.88,-0.4
790,3.62,11.44,129.81,-7.31,-2.97,-2.46
800,3.62,11.44,129.81,-7.31,-2.97,-2.46
810,-0.44,24.19,117.69,-7.83,-5.08,-4.77
820,-0.94,0.19,152.25,-6.92,-8.57,-11.16
830,12.81,-45.5,208.44,-4.54,-6.31,-11.54
840,12.81,-45.5,208.44,-1.63,-2.31,-9.07
850,-19,-101.81,254.75,-1.63,-2.31,-9.07
860,-21.25,-153.75,267.87,1.76,2.34,-3.26
870,-8.69,-180.56,252.81,4.15,3.25,-0.19
880,-1.81,-177.87,227.12,4.51,1.75,0.72
890,1.69,-164.5,192,5.02,0.9,0.92
900,-1.56,-146.31,165.87,5.02,0.9,0.92
910,-11.19,-126.87,153.56,5.32,0.17,1.3
920,-17.12,-113.25,150.94,6.95,2.09,2.57
930,-9.5,-104.44,157.81,7.36,3.34,1.77
940,12.44,-93.87,160.81,8.18,4.8,0.13
950,33.88,-69.06,153.44,8.18,4.8,0.13
960,35.88,-41.31,128.69,8.53,5.13,-1.55
970,11.06,-31.69,81.81,7.69,0.69,-0.37
980,-11.5,-45.81,48.31,7.69,-0.16,0.76
990,-5.25,-70.62,34.38,8.03,-0.59,2.44
1000,10,-88,32,8.03,-0.59,2.44
1010,16,-90.94,34.13,8.21,-0.63,2.81
1020,10.38,-73.94,37.19,8.62,-0.35,3.2
1030,-0.62,-47.25,39.25,9.32,0.93,3.06
1040,-2.94,-23.37,40.63,9.59,1.58,2.88
1050,0.37,-4.87,36.25,9.59,1.58,2.88
1060,3.94,12.63,25,9.83,1.88,2.22
1070,6,27.31,5.19,8.64,-0.67,1.4
1080,3.06,37.88,-15.06,8.48,-0.88,0.86
1090,-1.44,51.38,-22.37,8.66,-0.61,0.42
1100,-9.13,67.69,-15.63,8.66,-0.61,0.42
1110,-21.06,82.5,-6.81,8.75,-0.25,0.07
1120,-32.81,91.25,-1.56,8.8,1.08,1.05
1130,-37.94,92.31,-3.37,8.76,1.62,1.73
1140,-27.62,91.69,-10.31,8.54,1.69,0.83
1150,-3.25,99.06,-22.31,8.54,1.69,0.83
1160,17.56,111.44,-37.44,8.12,1.62,0.37
1170,19.25,122.75,-51.94,7.13,0.78,-0.12
1180,7.31,135.5,-63.44,5.84,0.66,-0.07
1190,-8.44,147.37,-67.87,5.32,1.57,-0.44
1200,-16.37,164.06,-66.56,5.32,1.57,-0.44
1210,-10.13,187.75,-62.44,5.14,2.75,-2.04
1220,2,206.44,-66.81,4.04,2.57,-5.57
1230,13.25,193.56,-90.06,2.42,0.71,-5.26
1240,33.81,164,-126.06,1.03,-1.15,-4.71
1250,43.38,138.69,-154.44,1.03,-1.15,-4.71
1260,21.94,135.31,-162.62,-3.51,-4.21,-5.14
1270,-11.88,151.19,-147.69,-2.03,-1.13,-8.41
1280,-43.69,174.75,-110,-2.5,-0.59,-8.79
1290,-56,164.25,-81,-5.11,-1.37,-4.97
1300,-52.69,122.62,-86.75,-5.11,-1.37,-4.97
1310,-32.69,84.81,-79.44,-3.94,0.36,-3.46
1320,-32.69,84.81,-79.44,-4.35,0.75,-3.59
1330,22.37,68.31,-93.37,-5.44,-0.3,-3.99
1340,-1.19,70,-102.69,-5.97,-0.89,-2.27
1350,-6.44,74,-100.5,-6.47,-1.45,-2.95
1360,-17.69,69.19,-93.94,-6.91,-2.01,-3.76
1370,-25,54.13,-82,-7.25,-2.04,-3.29
1380,-16.37,39.31,-72.06,-7.35,-1.07,-1.56
1390,-2.37,28.75,-70,-7.19,-0.57,-0.99
1400,4.5,24.25,-74.5,-7.12,-0.53,-0.59
1410,8,28.75,-78.06,-7.82,-1.44,-1.21
1420,12.44,32.94,-74.94,-8.02,-1.46,-2.95
1430,14.69,22.87,-68.31,-7.95,-1.08,-4.68
1440,12.44,-3.94,-65.87,-7.68,-0.82,-5.86
1450,11.75,-41.06,-66.5,-7.06,-0.44,-4.82
1460,20.44,-75.06,-70.12,-6.63,-0.28,-3
1470,34.19,-93.62,-75.56,-6.11,-0.12,-1.37
1480,44.94,-95.62,-81.62,-5.59,0,-0.38
1490,47.06,-86.37,-89.69,-5.12,-0.65,-0.45
1500,39.69,-75.12,-98.25,-5.13,-1.7,-1.37
1510,39.69,-73.37,-102.37,-5.26,-2.72,-2.4
1520,52.56,-86.25,-100.5,-5.28,-3.39,-3.5
1530,67.12,-109.25,-94.19,-4.99,-4.28,-4.23
1540,86.37,-132.12,-82.5,-4.49,-3.79,-3.48
1550,113.25,-150.25,-71.5,-3.7,-2.77,-3.12
1560,122.56,-162.31,-68.62,-2.48,-1.81,-2.61
1570,105.44,-167.69,-68.44,-2.32,-2,-2.15
1580,75.31,-165.19,-63.69,-2.03,-2.4,-1.51
1590,51.38,-158.75,-49.88,-1.8,-2.62,-0.71
1600,44.75,-148.75,-30.19,-1.03,-1.27,1.31
1610,60.88,-135.25,-13,-0.07,0.51,1.53
1620,85.81,-121.81,-11,0.92,2.19,1.12
1630,101.94,-112.44,-22.75,1.75,3.56,0.64
1640,105.56,-104.69,-45.38,2.98,4.73,0.38
1650,98.87,-96.19,-72.94,3.04,3.96,0.24
1660,83.62,-84.37,-90.37,2.83,2.72,0.03
1670,67.06,-70.44,-91.56,2.48,0.62,-0.8
1680,56.44,-59.88,-81.44,2.63,0.28,-2.11
1690,49.63,-64.94,-67.25,2.78,0.33,-3.12
1700,50.94,-85.44,-52.69,3.43,0.99,-3.07
1710,62.56,-110.5,-46.63,4.75,1.97,-1.6
1720,65.87,-129.87,-47,4.7,1.85,-1.4
1730,49.38,-139.44,-45.19,4.8,1.45,-1.2
1740,28.25,-143.44,-37.88,4.89,1.24,-0.4
1750,14.06,-134.62,-27.5,4.95,0.91,0.98
1760,2.19,-114.12,-15.56,5.11,0.74,1.38
1770,-10.44,-90.44,-4.25,5.24,0.67,1.55
1780,-21.56,-63.38,2.37,5.14,0.3,1.01
1790,-29.44,-40.88,11.25,4.45,-0.81,-0.55
1800,-28.31,-30.06,28.75,4.64,-0.82,-1.65
1810,-27.62,-42.19,49.38,4.98,-0.31,-2.15
1820,-25.5,-60.81,64.56,6.32,2.61,0
1830,-10.06,-73.44,67.06,6.99,3.97,1.05
1840,6.25,-72.87,52.75,7.57,4.72,1.77
1850,7.81,-59.69,23,7.68,4.46,1.67
1860,-10.19,-36.5,-4.75,6.38,1.73,2.1
1870,-26.44,1.69,-16.81,5.55,0.46,2.17
1880,-30.69,47.56,-16.12,5.32,-0.61,0.96
1890,-37.5,89.06,-12.63,4.91,-1.41,-0.01
1900,-45.13,116.87,-4.56,4.17,-2.78,-2.12
1910,-45.38,105.06,12.69,3.85,-3.36,-4.02
1920,-45.31,67.94,43.75,3.97,-2.22,-3.18
1930,-12.56,35.75,64.56,5.61,3.49,-0.52
1940,33.31,29.62,51.69,5.75,4.82,-1
1950,49.31,49.69,10.75,5.48,4.65,-1.58
1960,46.75,69.81,-35,4.76,3.03,-2.37
1970,42.13,71.94,-60.31,2.87,-1.13,-3.39
1980,33.81,55.75,-55.06,2.29,-2.15,-3.28
1990,15.5,35.13,-26.69,2.38,-2.33,-2.68
2000,-9.63,20.56,2.44,2.62,-2.26,-1.7
2010,-33.88,19.25,24.87,1.98,-2.71,0.25
2020,-57.69,32.69,46.06,1.54,-2.33,1.79
2030,-60.69,54.06,66.19,1.68,-0.7,2.96
2040,-30.75,80.56,64.94,1.64,1.44,2.5
2050,9,103.31,30.62,1.94,2.5,-0.64
2060,46.13,95.56,-25.37,1.51,0.57,-1.93
2070,67.25,65.87,-69.5,-1.25,-2.11,-1.92
2080,54.38,51.5,-76.19,-4.21,-6.65,-2.18
2090,-0.13,53.25,-41.06,-6.53,-7.69,-1.96
2100,-84,63.81,39.06,-5.31,-5.94,-1.63
2110,-142.31,67.06,97.81,-4.03,-3.2,0.11
2120,-139.06,59.56,99.62,-5.01,-2.27,2.48
2130,-108.37,61.63,76.56,-7.02,-3.87,3.1
2140,-66.06,71.31,77.87,-7.46,-3.44,3.17
2150,-22.12,82.5,89.75,-7.56,-2.07,2.45
2160,6.5,92.94,89.94,-7.76,0.21,-0.74
2170,10.75,95.87,80.37,-7.72,0.39,-2.25
2180,-4.87,84.37,63.31,-8.31,-0.65,-2.95
2190,-26.75,64.31,54,-8.85,-2.22,-3
2200,-42.19,42.63,61.69,-9.35,-5.54,-2.58
2210,-48.44,21.87,87.94,-9.47,-6.73,-2.24
2220,-44.5,2.69,133.12,-9.25,-6.52,-1.11
2230,-19.94,-9.69,186.87,-6.5,0.15,0.78
2240,19.12,-10.19,220.75,-5.23,3.35,0.45
2250,46,-1.37,219.31,-3.43,5.36,-0.56
2260,47.69,4.81,180.37,-2.71,6.25,-1.71
2270,30.5,-1.94,121.12,-3.73,3.26,-2.24
2280,6.87,-13.69,82.37,-4.35,0.84,-1.93
2290,-17.5,-19.94,72.5,-4.85,-1.39,-1.54
2300,-39.13,-20.5,90.06,-4.79,-2.95,-1.2
2310,-54.31,-17.56,124.56,-3.79,-2.86,-0.75
2320,-58.69,-11.94,156.87,-2.95,-1.8,-0.61
2330,-45.13,-8,178.06,-2.37,-0.25,-0.54
2340,-17.56,-3.62,183.31,-1.01,2.38,-3.17
2350,-5.12,-3.94,173.5,-0.28,3.15,-3.62
2360,-3.94,-12.75,152.37,0.5,3.41,-4.01
2370,4.62,-34.38,124.81,0.36,2.85,-4.73
2380,-4.06,-57.63,104.5,1.12,2.26,-5.15
2390,-29.56,-79.19,91.69,1.37,1.95,-4.62
2400,-52.69,-102.31,80.19,1.82,1.62,-3.29
2410,-59.38,-118,69.37,2.32,1.27,-2.06
2420,-48.81,-126.25,59.94,2.59,0.5,-0.02
2430,-32.69,-125.62,53,2.6,0.14,0.55
2440,-11.88,-119,53.31,3.11,0.37,0.74
2450,10.75,-111.62,55.75,3.68,0.77,0.69
2460,25.62,-106.06,54.63,4.5,1.34,0.38
2470,24.25,-101.37,49.69,4.8,1.22,0.61
2480,12.56,-94.94,42.63,4.81,0.92,1.19
2490,0.88,-76.69,38.31,5.18,1.02,1.83
2500,-6.56,-54,36.19,5.75,1.25,1.63
2510,-10.38,-37.44,30.62,5.9,1.2,1.59
2520,-13.31,-25.06,18.75,5.96,0.81,1.76
2530,-12.75,-12.69,8.38,6.3,-0.02,2.15
2540,-3.69,-3.31,-1.12,6.11,-0.96,2.43
2550,8.06,6.75,-8.56,6.16,-1.86,2.57
2560,16.37,18.5,-5.87,6.15,-2.23,2.64
2570,23,29.62,1.37,6.54,-2.71,2.4
2580,24.31,39.38,9.69,6.58,-2.88,2.64
2590,21.31,50,19,6.66,-3.05,2.88
2600,16.19,63.31,29.62,6.28,-2.98,3.26
2610,11.19,84.25,45.81,6.38,-1.85,2.94
2620,10,110.25,64.06,6.73,-0.5,2.2
2630,9.13,136.44,68.87,6.82,0.42,1.24
2640,5.87,160.31,58.25,6.48,1.46,-0.94
2650,2.06,175.19,42.88,6.49,2,-1.68
2660,6.12,168.94,22.12,6.54,2.11,-2.42
2670,26.62,135.56,-7.31,6.23,1.43,-2.54
2680,50.25,97.62,-35.75,4.71,-1.24,-1.34
2690,56.88,75,-47.5,4.38,-1.83,-0.26
2700,51.56,70.69,-42.88,4.06,-1.84,0.49
2710,43.94,86.81,-29.87,4.04,-0.98,0.42
2720,29.81,117.44,-22.06,4.34,0.76,-2.15
2730,8,141.31,-27.12,4.6,1.08,-3.56
2740,-18.19,145.75,-43.75,4.3,0.73,-4.1
2750,-29.87,132.5,-66.25,3.02,-0.94,-2.58
2760,-1.5,104.56,-84.62,2.26,-1.55,-2.25
2770,44.13,78.19,-93.81,1.59,-2.04,-1.81
2780,64.37,66.19,-93.56,1.29,-1.71,-0.7
2790,73.06,68.12,-91,-0.56,-2.28,-0.8
2800,67.5,82,-83.75,-1.39,-2.17,-1.53
2810,25.5,111.19,-60.31,-1.85,-1.17,-2.17
2820,-21.25,136.19,-31.69,-2.32,0.25,-2.69
2830,-44.31,146,-13.06,-2.61,3.42,-3.02
2840,-36.31,142.94,-15,-3.5,4.15,-3.05
2850,1.19,130.69,-37.06,-4.33,4.24,-3.74
2860,1.19,130.69,-37.06,-4.33,4.24,-3.74
2870,67.19,99.81,-86.56,-6.4,1.95,-5.94
2880,70.31,82.19,-99.06,-7.24,0.8,-6.22
2890,55.25,68.12,-99.62,-8.13,-0.29,-6.42
2900,26.69,58.25,-83.87,-8.54,-0.5,-6.37
2910,1.94,44.63,-58.25,-8.23,0.24,-5.92
2920,-7.5,20.37,-33.31,-7.66,1.49,-4.92
2930,-3,-8.38,-18.62,-7.15,2.76,-3.64
2940,10.31,-28.37,-19.62,-5.82,4.17,-2.67
2950,19.75,-33.63,-34.06,-5.96,3.78,-2.58
2960,19.75,-33.63,-34.06,-6.44,1.83,-3.21
2970,22.94,-35.69,-59.75,-6.68,0.4,-3.39
2980,-4.31,-38.63,-70.81,-6.26,0.73,-3.79
2990,-5.25,-50.06,-55.44,-5.68,1.31,-4.47
3000,-9.06,-63.44,-45.88,-5.03,2.13,-4.45
3010,-9.06,-63.44,-45.88,-4.27,3.18,-3.07
3020,-15.19,-80,-45.44,-3.97,3.62,-2.59
3030,15.25,-109.62,-68.25,-3.15,4.23,-2.67
3040,42,-119.5,-84.56,-2.36,4.37,-3.1
3050,55.31,-130.19,-108.94,-1.55,1.68,-3.29
3060,55.31,-130.19,-108.94,-1.98,-0.53,-3.02
3070,46.88,-141.87,-134.06,-2.1,-1.95,-2.15
3080,-17.62,-145.87,-135.37,-1.77,-2.66,-1.4
3090,-25.62,-140.56,-110.25,-1.13,-1.98,-1.22
3100,-15.5,-136.5,-79.06,-0.01,-0.48,-1.83
3110,-15.5,-136.5,-79.06,-0.01,-0.48,-1.83
3120,-4.25,-135.56,-54.63,1.94,1.7,-2.63
3130,-2.87,-151.37,-55.69,3.34,1.7,-1.62
3140,-7.81,-162.19,-71.94,3.85,0.78,-1.05
3150,-18.06,-167.94,-88.44,4.2,-0.23,-0.3
3160,-18.06,-167.94,-88.44,4.2,-0.23,-0.3
3170,-29.94,-167.75,-98.62,4.46,-2.68,0.33
3180,-59.06,-161.56,-97.06,4.3,-4.33,1.08
3190,-75.06,-151.87,-82.31,4.22,-5.01,1.6
3200,-82.75,-134.69,-57.75,4.27,-4.95,2.65
3210,-82.75,-134.69,-57.75,4.27,-4.95,2.65
3220,-55,-100.75,-0.19,5,-3.82,2.6
3230,-21,-94.69,13.13,6.39,-1.27,1.85
3240,3.75,-91.12,9.75,6.81,-0.61,1.87
3250,12.38,-74.75,-17.19,6.73,-0.99,2.01
3260,12.38,-74.75,-17.19,6.73,-0.99,2.01
3270,6.44,-58.75,-24.44,6.64,-1.51,2.19
3280,-9.38,-22.25,-21.69,6.59,-2.99,1.78
3290,-15.63,-9.63,-14,6.58,-3.29,1.78
3300,-13.38,-1.06,-3.94,6.6,-3.49,1.82
3310,-13.38,-1.06,-3.94,6.6,-3.49,1.82
3320,-2.56,3.87,7.69,6.73,-3.09,2.25
3330,21.62,21.94,22.75,6.86,-2.26,2.25
3340,27.56,32.38,23.94,6.79,-2.05,2.42
3350,27.56,32.38,23.94,6.31,-1.9,2.73
3360,33.19,45.81,25.5,6.31,-1.9,2.73
3370,37.63,62.13,30.37,6.03,-1.7,2.69
3380,38.75,81.25,37.31,5.84,-0.43,2.01
3390,36.5,99,41.44,6.05,1.32,1.04
3400,35.06,113.25,37.69,5.91,1.65,0.42
3410,35.81,122.81,22.25,5.91,1.65,0.42
3420,30.56,130,-2.06,5.35,1.02,-0.34
3430,19.87,137.12,-18,2.38,-1.79,-0.75
3440,21.62,141.87,-18.56,1.89,-1.9,-1.34
3450,41.19,134.25,-9,1.25,-1.65,-1.95
3460,58.63,119.19,3.62,1.25,-1.65,-1.95
3470,61.06,108,14.13,0.69,-0.33,-1.44
3480,51.81,109.19,20.62,-0.13,1.25,-1.19
3490,35,120.12,21.94,-0.63,1.42,-1.71
3500,18.06,134.69,13.5,-2.73,0.55,-2.97
3510,5.25,142.81,7.5,-2.73,0.55,-2.97
3520,4.62,140.81,10.69,-3.35,0.79,-3.3
3530,15.5,127.25,15.13,-3.96,2.07,-4.16
3540,24.87,104.75,13,-4.12,3.2,-2.93
3550,29.62,79.5,0.5,-4.35,2.92,-1.8
3560,36.19,61.5,-21.5,-4.35,2.92,-1.8
3570,38,56.13,-44.88,-4.88,1.99,-1.07
3580,24.12,65.5,-58.13,-7.84,-2.74,-1.5
3590,4.94,78.31,-51.56,-8.36,-3.41,-2.39
3600,-1.31,82.75,-25.75,-8.39,-3.28,-3.55
3610,-0.88,72.37,9.19,-8.39,-3.28,-3.55
3620,-4.5,50.81,41.75,-7.67,-1.57,-4.44
3630,-7.56,25.94,65.69,-6.49,1.11,-3.18
3640,-0.69,5.94,74.62,-5.74,1.98,-2.99
3650,12.44,-8.75,68.31,-5,1.8,-2.7
3660,15.63,-20.56,53.94,-5,1.8,-2.7
3670,9.5,-28.87,40.5,-4.83,1,-2.03
3680,5.94,-32.88,35,-4.94,-0.74,-1.56
3690,2.44,-33.25,41.81,-4.5,-0.75,-2.16
3700,-8.06,-32.94,54.63,-4.11,-0.42,-2.3
3710,-23.31,-36.75,66.19,-4.11,-0.42,-2.3
3720,-38.44,-43.81,72.5,-3.71,-0.1,-2.01
3730,-44.81,-50.19,73.94,-2.52,1.57,-0.52
3740,-40.13,-49.06,67.56,-2,1.5,-1.23
3750,-34.69,-42.13,49.88,-1.58,0.83,-2.27
3760,-28.81,-43.06,25.69,-1.58,0.83,-2.27
3770,-22.69,-57.63,4.69,-2.23,-2.76,-2.85
3780,-23.37,-73.5,1.62,-2.63,-5.89,-2.68
3790,-33.5,-84.62,19.12,-2.73,-6.57,-2.6
3800,-50.81,-88.19,53.75,-1.93,-5.52,-3.02
3810,-68.37,-88.56,95.12,-1.93,-5.52,-3.02
3820,-84,-92,131.44,-1.34,-4.43,-3.26
3830,-94.25,-98.19,160.44,1.12,1.31,-2.92
3840,-88.69,-105.5,176.62,2.04,2.66,-2.89
3850,-69.87,-118.44,172,2.53,3.22,-2.32
3860,-52,-136.62,148.37,2.53,3.22,-2.32
3870,-37.44,-150.06,117,2.78,3.15,-1.31
3880,-24.19,-151.19,89.19,2.8,2.03,0.22
3890,-16.75,-144,70.56,2.77,1.13,0.34
3900,-18.19,-129.75,61.69,2.77,0.35,0.29
3910,-24.5,-115.62,60.88,2.87,-0.2,0.18
3920,-29.81,-105.44,64.5,3.13,-0.61,0.21
3930,-28.62,-99.81,69.25,3.42,-0.57,0.15
3940,-23.37,-98.44,72.06,3.68,-0.51,0.1
3950,-16.87,-98.31,72.19,4.09,-0.46,0.77
3960,-7.81,-95.44,70.06,4.19,-0.6,0.88
3970,1,-89.5,68.19,4.27,-0.82,0.99
3980,6.69,-80.75,68.37,4.25,-1.05,1.12
3990,12.31,-67.19,72.06,4.6,-0.35,1.29
4000,18.5,-53,75,4.94,0.18,0.87
4010,21.06,-42.94,71.75,5.18,0.52,0.56
4020,17.56,-37.06,62.69,5.24,0.6,0.57
4030,14,-30.31,54.19,5.44,0.81,0.63
4040,11.81,-21.06,45.69,5.73,0.75,0.39
4050,7.62,-11.63,34.5,5.71,0.42,0.26
4060,2.56,-5,23.44,5.73,-0.09,0.28
4070,1,-1.56,15.88,5.4,-1.52,0.81
4080,2.75,1.69,14.25,5.23,-2.16,1.14
4090,7.69,6.12,19.5,5.09,-2.49,1.37
4100,13.44,10.31,29.31,5.09,-2.25,1.94
4110,17.75,15.44,39.31,5.16,-1.78,2.3
4120,21.06,22.87,47.06,5.34,-1.04,2.7
4130,26.87,33.63,48.63,5.46,-0.34,2.87
4140,32.88,47.31,43.5,5.65,0.91,2.49
4150,32.94,64,31.69,5.76,1.03,2.22
4160,25.87,80.44,14.38,5.64,0.67,1.99
4170,18.25,95.56,-1.62,5.32,-0.06,1.89
4180,19.87,108.5,-9.38,4.79,-0.95,1.54
4190,30.69,117.69,-11.56,4.61,-1.21,1.29
4200,39.63,125.81,-12.88,4.25,-1.42,1.09
4210,41.81,136.81,-12.69,3.86,-1.52,1.05
4220,43.75,154.37,-9.88,2.84,-0.94,0.15
4230,49.13,172.06,-3.94,2.69,-0.3,-0.89
4240,46,182.75,-1.37,2.37,0.19,-1.95
4250,32.38,176.19,-5.37,1.4,0.82,-2.24
4260,25.62,162.06,-15.06,-0.26,0.64,-1.84
4270,24.19,154.06,-26.06,0.55,-0.08,-2.35
4280,7.44,151.69,-36.25,-0.64,-0.32,-1.7
4290,-5.06,151.06,-48.63,-3.56,-3.02,0.15
4300,3.81,162.75,-46.13,-4.17,-3.38,-0.54
4310,24,177.31,-19.87,-4.9,-2.32,-1.5
4320,47.44,182.75,10.69,-5.31,-0.69,-3.14
4330,54.13,180.12,31,-5.86,2.06,-7.1
4340,34.69,166.31,39.5,-6.13,3.03,-8.03
4350,7.12,141,39.13,-6.58,3.49,-8.08
4360,-10.25,110.37,34.63,-7.76,4.13,-7.07
4370,-10.31,84.69,34.81,-7.87,4.88,-6.7
4380,2.5,65.87,36.88,-7.81,5.88,-6.88
4390,16.31,52.81,32.13,-7.56,6.66,-7.83
4400,20.81,33.06,15.69,-6.89,6.22,-9.49
4410,11.69,-1.56,-7.31,-7.04,4.82,-8.69
4420,-2.31,-42.31,-21,-7,3.64,-6.93
4430,-11.06,-73.94,-18.19,-6.42,3.13,-5.42
4440,-17,-91.12,-10.5,-5.73,2.54,-3.2
4450,-25.44,-95.75,-3.75,-5.4,2.53,-2.51
4460,-29.56,-92.31,7.19,-4.71,3.32,-2.36
4470,-26.06,-88,15.69,-3.72,4.57,-2.87
4480,-23.56,-90.31,10,-2.35,5.66,-3.6
4490,-27.5,-98.94,-9.38,-1.85,5.35,-3.23
4500,-25.62,-110.62,-30.87,-1.44,4.74,-2.91
4510,-19.5,-123.25,-47.5,-0.86,3.19,-2.56
4520,-24.94,-131.69,-57.81,-0.63,2.73,-1.81
4530,-37,-132.94,-61.63,0.17,2.83,-1.14
4540,-32.88,-130.12,-66.56,0.79,2.61,-1.4
4550,-24.62,-128.56,-74.62,1.11,1.98,-1.98
4560,-23.94,-126.62,-77.12,1.71,2.51,-2.22
4570,-18.44,-131.25,-77.5,2.45,3.11,-2.38
4580,-6.12,-142.94,-85.06,3.17,3.46,-2.42
4590,0.19,-157.5,-101.06,3.78,2.26,-1.05
4600,-4.94,-165.44,-119.25,3.87,1.45,-0.07
4610,-7.87,-163.12,-130.87,3.75,0.77,0.55
4620,-2.81,-155.62,-131.94,3.8,0.49,0.68
4630,1.69,-145.06,-127.44,4.29,0.22,0.35
4640,-3.25,-134.75,-126.19,4.33,-0.15,0.18
4650,-18.06,-124.62,-126.31,4.37,-0.54,0.28
4660,-32.06,-114.37,-125.12,4.32,-1.73,0.6
4670,-35.63,-107.56,-123.25,4.33,-2.33,0.51
4680,-35.13,-104.06,-119.31,4.16,-2.82,0.52
4690,-33.63,-102.5,-110.19,4.07,-2.97,0.84
4700,-25.56,-101.81,-96.62,4.25,-2.54,1.79
4710,-12.56,-99.56,-85.94,4.3,-2.46,1.88
4720,-3.06,-94.75,-80.62,4.27,-2.72,1.86
4730,-3.94,-82.25,-76.44,3.98,-3.11,1.96
4740,-14.56,-62.38,-67.69,3.45,-3.56,1.98
4750,-21.75,-41,-51.56,3.51,-2.98,1.15
4760,-21.44,-25.69,-30.56,3.72,-2.08,0.13
4770,-25.81,-21.44,-15.31,4.27,-0.75,-0.32
4780,-39.5,-24.06,-10.13,4.42,-0.56,0.35
4790,-50.88,-26.31,-13.31,4.43,-0.82,0.87
4800,-52.5,-23.62,-20,4.35,-1.33,1.12
4810,-49.56,-15.44,-22.94,4.38,-1.75,1.62
4820,-42.5,-4.62,-20.31,4.67,-1.48,1.76
4830,-26,4.81,-17.87,4.74,-1.35,1.6
4840,-8.38,12.94,-19.81,4.56,-1.57,1.14
4850,-1.69,23.06,-20.56,4.19,-1.79,0
4860,-5,31.94,-15.38,4.36,-1.45,-0.44
4870,-12.25,35,-8.13,4.72,-1.04,-0.57
4880,-22.25,34.19,-5.69,5.03,-0.84,-0.42
4890,-34.44,34.69,-11.25,5.09,-1.95,0.78
4900,-40.56,39.38,-19,4.97,-2.48,1.29
4910,-28.81,46.88,-22,5.06,-2.82,1.25
4920,-5.25,54.56,-22.31,5.43,-4.53,-0.26
4930,8.56,58.56,-26,5.1,-5.79,-0.38
4940,2.19,58.81,-24.62,4.71,-6.9,0.09
4950,-6.81,51.63,-7.37,4.35,-7.43,1.29
4960,2.44,40.88,27,4.41,-5.31,3.71
4970,26.62,41.31,67.44,5.02,-2.92,3.79
4980,48.88,61.5,96.06,5.28,-0.68,2.93
4990,55.56,97.81,99.81,5.2,0.79,1.46
5000,42.69,135.56,80.5,4.58,0.87,-1.34
5010,22.12,156.56,51.13,3.86,-0.23,-1.43
5020,4.87,159.62,26.69,3.07,-1.46,-0.91
5030,8.88,150.25,16.25,2.14,-2.32,-0.52
5040,31.94,141.94,20.19,1.04,-1.86,-1
5050,56.31,138,31.19,0.4,-0.73,-1.4
5060,69.69,139.19,39.69,0.02,0.31,-2.09
5070,67.5,141.31,39.13,-0.54,1.2,-3.38
5080,53.38,141.56,30.5,-1.49,1.2,-3.18
5090,38.94,133.56,18.06,-1.41,0.92,-3.15
5100,30.31,126.62,8.31,-2.29,0.86,-3.1
5110,23.69,121.31,3,-4.08,0.7,-3.63
5120,21.75,125.94,-3.19,-4.67,0.32,-5.43
5130,9.19,139.19,-4.69,-5.87,0.33,-6.51
5140,-7.19,136.44,0,-6.46,0.56,-7.57
5150,-8.31,116.62,7.25,-6.48,2.44,-8.74
5160,3.69,73.19,15.56,-6.04,3.55,-7.31
5170,30.75,-37.44,-16.81,-5.68,3.83,-4.48
5180,30.75,-37.44,-16.81,-6.05,2.07,1.67
5190,45.25,-33.25,-62.13,-6.86,0.48,2.76
5200,32.25,14.25,-59.56,-7.75,-1.24,2.19
5210,10.19,53.25,-34.75,-8.13,-2.3,0.52
5220,-0.44,62.75,-2.44,-7.66,-1.87,-2.87
5230,1.06,44.75,24.56,-7.3,-1.1,-4.03
5240,4.12,13.63,42.31,-6.87,-0.17,-4.13
5250,16.06,-17.87,49.69,-6.26,1,-3.41
5260,29.87,-40.44,45.63,-5.62,2.18,-2.02
5270,26.31,-46.56,38.88,-5.44,2.14,-1.64
5280,10.19,-42.44,33.56,-5.34,1.86,-1.4
5290,-3.87,-38,30.12,-5.2,1.14,-1.48
5300,-11.69,-39.94,32.06,-5.38,-0.78,-2.06
5310,-14,-47.13,43.63,-5.35,-1.36,-2.2
5320,-12,-55.38,60.06,-5.13,-1.47,-2.11
5330,-7.75,-61.94,74.37,-4.34,-0.3,-1.97
5340,-9.44,-63.94,79.81,-4.14,-0.22,-2.35
5350,-23.75,-64.12,78.87,-3.47,-0.5,-3.09
5360,-40.69,-67.06,78.94,-3.75,-1.32,-2.72
5370,-40.69,-67.06,78.94,-4.14,-2.69,-2.6
5380,-18.44,-81.87,105.62,-3.64,-2.69,-3.11
5390,-10.44,-90.94,126.06,-2.82,-2.27,-3.71
5400,-7.06,-106,142.87,-2.05,-1.85,-3.74
5410,0.31,-121.19,156.31,-0.08,0.14,-1.59
5420,15.06,-130.87,159.81,0.89,1.01,-0.62
5430,26.75,-130,148.37,1.61,1.28,0.18
5440,30.37,-121.56,130.19,1.85,0.56,0.61
5450,26.69,-106.31,123.75,1.76,-1.68,1.51
5460,25.44,-88,132.69,2.15,-2.17,1.85
5470,25.44,-88,132.69,2.53,-2.27,1.95
5480,31.87,-69.69,146.44,3.53,-1.04,1.53
5490,43.94,-31.31,166.56,4.03,-0.03,0.77
5500,46.25,-13.75,162.56,4.27,0.8,-0.14
5510,44.56,-1.37,150.44,4.46,1.42,-1.17
5520,44.56,-1.37,150.44,5.21,2.31,-3.74
5530,34.81,-1.87,131.81,5.4,2.02,-4.18
5540,-0.88,-39.25,73.25,5.33,1.04,-3.66
5550,-3.56,-63.13,50.06,5.28,-0.28,-2.56
5560,5.56,-80.44,39.56,5.35,-2.28,-0.11
5570,5.56,-80.44,39.56,5.61,-2.63,0.73
5580,19.94,-91.62,39.38,6.08,-2.36,1.3
5590,41.75,-83.37,44.19,7.24,-1.66,1.97
5600,40.25,-69.25,37.31,7.45,-1.82,2.01
5610,28.12,-58.25,29.56,7.65,-2.22,2.37
5620,28.12,-58.25,29.56,7.52,-2.64,2.86
5630,11.25,-41.81,26.19,7.94,-2.17,3.99
5640,5.69,-1.25,29.19,8.03,-1.65,3.99
5650,14.88,22.69,23.19,8.14,-1.27,3.48
5660,15.25,40.94,10.88,8.26,-1.02,2.78
5670,15.25,40.94,10.88,8.26,-1.02,2.78
5680,11.94,50.06,-4.94,7.95,-2.11,2.67
5690,19.31,64.19,-13.81,7.13,-3.45,3.12
5700,28.31,76.81,-6.06,6.96,-3.52,2.93
5710,38.81,87.56,0.62,6.63,-3.02,2.23
5720,38.81,87.56,0.62,6.63,-3.02,2.23
5730,53.44,97.69,7,6.2,-2.16,2.35
5740,104.44,118.44,10.38,6.51,2.14,0.44
5750,118.5,119.25,-8.75,6.36,2.92,-0.28
5760,117.56,113.37,-40.19,5.92,2.94,-0.58
5770,117.56,113.37,-40.19,5.92,2.94,-0.58
5780,107.56,105.75,-70.19,5.19,2.46,-0.23
5790,76.37,150.06,-91.75,2.52,1.27,-0.68
5800,51.25,198.37,-92.37,2.08,1.44,-2.42
5810,24.81,225.87,-96.87,1.66,1.72,-4.01
5820,24.81,225.87,-96.87,1.66,1.72,-4.01
5830,27.44,233.31,-105.19,0.79,2.49,-7.93
5840,102.44,158.94,-145.75,-0.06,2.87,-11.72
5850,121.62,88.94,-175,-2.38,-0.18,-10.45
5860,111.75,29.56,-189.06,-2.86,-1.47,-8.35
5870,111.75,29.56,-189.06,-2.86,-1.47,-8.35
5880,77.19,-7.25,-185.31,-3.82,-2.74,-5.64
5890,-8.56,11.13,-124,-5.51,-3.39,1.27
5900,-8.56,11.13,-124,-5.51,-1.9,1.71
5910,-24.56,47.63,-80.81,-5.47,-0.79,-0.66
5920,-23.37,90.81,-53.56,-5.47,-0.79,-0.66
5930,-36.56,120,-39,-5.4,0.27,-3.18
5940,-52.44,122.12,-36.31,-6.2,1.85,-6.66
5950,-50.63,102.62,-40.5,-6.48,2.27,-7.1
5960,-38.88,72,-46.06,-6.45,2.75,-7.12
5970,-30.12,37.63,-55.19,-6.45,2.75,-7.12
5980,-25.94,4.25,-69.62,-6.46,2.36,-5.24
5990,-22.25,-23,-85.06,-6.81,0.44,-2.99
6000,-21.31,-41.25,-93.5,-6.59,-0.29,-1.64
6010,-20.87,-47.13,-90.12,-6.39,-0.37,-1.99
6020,-19.69,-44.31,-82.31,-6.39,-0.37,-1.99
6030,-25.56,-39.25,-74.69,-6.23,-0.47,-2.78
6040,-40.75,-38.56,-66.25,-5.69,-0.99,-4.03
6050,-57.56,-46.63,-58.06,-5.39,-0.83,-3.53
6060,-67.56,-63.19,-49.19,-4.81,-0.08,-2.96
6070,-66.69,-80.56,-40.56,-4.81,-0.08,-2.96
6080,-54.81,-94.62,-37.56,-4.08,0.99,-2.62
6090,-39.38,-107.12,-44.88,-2.17,1.85,-2.65
6100,-33.69,-120.25,-61.63,-2.04,1.12,-2.45
6110,-40.88,-130.62,-76.87,-1.77,0.6,-1.98
6120,-58.13,-135.25,-82.12,-1.77,0.6,-1.98
6130,-68.56,-136.12,-81.19,-0.91,0.44,-1.43
6140,-71,-137.19,-82.62,-0.11,-0.38,-2.13
6150,-76.19,-140.75,-85.5,1.1,-0.1,-1.64
6160,-72.87,-151.37,-85.69,1.59,0.29,-1.04
6170,-55.19,-170.62,-88.81,1.59,0.29,-1.04
6180,-33,-189.56,-93.37,2.25,0.95,-0.39
6190,-13.25,-199.19,-103.62,3.98,1.11,0.33
6200,-5.87,-199.81,-122.94,4.3,0.43,0.41
6210,-12.63,-195.44,-147.81,4.86,-0.65,0.37
6220,-23.5,-187.37,-173.31,4.86,-0.65,0.37
6230,-29.75,-177.5,-193.5,3.74,-1.93,0.35
6240,-32.13,-166.12,-197.25,3.02,-5.16,-0.22
6250,-32.5,-165.06,-189.31,3.17,-5.16,-0.06
6260,-24.56,-167.81,-159.44,4.04,-4.39,0.44
6270,-10.81,-171.56,-122.44,4.04,-4.39,0.44
6280,-0.06,-170.56,-91.5,4.35,-3.94,0.95
6290,4.62,-162.25,-63.94,4.92,-2.75,1.97
6300,8.44,-147.12,-41,5.9,-1,1.94
6310,10.25,-126.5,-21.62,6.58,0,1.52
6320,7.56,-104.69,-6.37,6.58,0,1.52
6330,0.37,-86,-4.25,6.64,-0.16,1.27
6340,-11.94,-70,-6.44,6.59,-0.78,1.83
6350,-23.12,-55.19,-1.37,6.72,-0.63,1.99
6360,-24.25,-40.25,9.25,6.88,-0.34,2.16
6370,-15.25,-24.62,20.19,6.88,-0.34,2.16
6380,-0.06,-9.38,29.31,7.13,0.46,2.14
6390,15.19,8.63,29.69,7.46,0.97,0.47
6400,18.5,26.44,20.81,7.46,0.97,0.47
6410,8.44,39.19,14.69,7.32,0.55,0.39
6420,-1.25,48.06,15.25,6.92,-0.1,0.31
6430,-6.69,57.88,23.31,6.78,0.01,-0.03
6440,-15,70.31,34.88,6.91,0.4,-0.29
6450,-21.25,81.5,44,6.89,0.99,-0.12
6460,-14.44,89.5,44.56,6.62,1.52,-0.17
6470,-0.19,96.81,37.25,6.15,1.34,-0.19
6480,11,106.19,29.12,5.51,1.12,-0.21
6490,17,118.31,24.37,4.8,1.15,-0.43
6500,16.75,132.69,23.69,4.13,1.8,-2.03
6510,5.69,141.56,21.62,3.72,1.85,-2.21
6520,-9.94,140.81,15.81,3.67,1.95,-1.94
6530,-16,132.19,7.94,2.4,1.54,-1.49
6540,-15.38,131.75,-4.31,1.65,0.56,-1.8
6550,-18,145.06,-17.44,0.13,-0.95,-2.75
6560,-25.5,150.19,-23.56,-0.72,-2.39,-3.7
6570,-34.31,144.31,-16.44,-2.77,-3.94,-3.94
6580,-34.81,125,4.69,-3.36,-3.75,-3.75
6590,-31.19,106.19,29.81,-2.46,-2.63,-3.04
6600,-35.88,92.62,48.5,-2.89,-0.65,-0.85
6610,-23.12,91.19,45.44,-2.98,0.59,-0.9
6620,-12,103.62,32.19,-4.11,-0.05,-1.52
6630,-17.87,113.37,15.06,-5.32,-1.05,-2.19
6640,-26.12,115.62,9.56,-5.89,-1.76,-2.64
6650,-21.81,103.06,13.69,-6.65,-2.19,-2.87
6660,-10.13,81.87,22.75,-6.97,-1.72,-1.69
6670,8.88,63.25,32.88,-7.09,-0.57,-1.19
6680,23.56,57.13,39,-6.72,1.48,-1.24
6690,23.87,57.19,33.56,-6.84,1.53,-1.47
6700,21.19,55.38,19.81,-7.15,1.08,-1.73
6710,15.44,48.88,4.31,-7.54,-0.03,-1.75
6720,9.56,38.13,-4.75,-8.38,-2.83,-1.5
6730,8.56,24.69,-1.25,-8.68,-3.82,-1.48
6740,9.94,11,17,-8.6,-4.18,-1.18
6750,11.06,-0.06,45,-8.81,-3.76,-0.55
6760,17,-3.62,77.44,-7.62,-0.21,-1.34
6770,21.37,-2.12,99.19,-7.09,1.02,-1.81
6780,22.56,-1.19,102.12,-6.56,1.65,-2.57
6790,23.31,-7.62,94.69,-5.88,1.82,-3.49
6800,14.75,-23.69,79.69,-5.52,-0.27,-2.35
6810,2.69,-43.31,64.25,-5.84,-2.02,-0.87
6820,1.5,-51.06,64.81,-5.95,-3.05,-0.2
6830,5.31,-44.56,88.56,-5.27,-1.84,-0.53
6840,7.5,-33,119.62,-4.58,-0.73,-1.25
6850,8,-22.62,144,-4.01,0.51,-2.28
6860,4.44,-18,155.87,-3.32,1.64,-3.46
6870,-5.25,-24.19,155.19,-1.63,4.43,-4.27
6880,-9.63,-41.31,141.25,-1.11,4.97,-4.84
6890,0.5,-67.37,106.69,-0.72,4.54,-5.41
6900,7.06,-99.87,63.56,-0.46,3.37,-5.4
6910,1.31,-132.69,24.56,-0.77,-0.15,-2.2
6920,-3.44,-155.12,0.94,-0.75,-1.67,-1.11
6930,-1,-161.94,-1.19,-0.57,-2.73,-0.63
6940,-0.56,-158.94,13.25,-0.04,-2.93,0.38
6950,-6.19,-149.62,39.06,0.88,-1.63,0.52
6960,-9.5,-135,65.81,1.8,-0.14,0.13
6970,-3,-121.62,78,2.53,0.84,-0.63
6980,3.5,-113.87,74.06,3.72,1.77,-1.19
6990,5.62,-112.5,60.06,4.05,1.44,-1.14
7000,8.44,-114.31,40.44,4.29,0.69,-0.88
7010,14.69,-117.19,23.37,4.43,-0.18,-0.57
7020,22.75,-120.25,13.63,4.94,-1.51,0.5
7030,29.44,-121.56,11.94,5.16,-1.99,1
7040,36.5,-118.62,14.81,5.37,-2.29,1.45
7050,44.38,-106.69,21.31,5.58,-2.41,1.69
7060,47.38,-83.25,31.25,6.45,-1.85,1.59
7070,43.88,-62.25,40.06,6.78,-1.49,1.34
7080,31.19,-30.5,47.81,7.29,-1.02,1.11
7090,31.19,-30.5,47.81,7.94,-0.58,1.26
7100,26.62,-21.37,43.31,8.28,-0.45,1.33
7110,24.12,-4.56,32.06,8.45,-0.22,1.5
7120,25.62,7,24.62,8.45,-0.1,1.56
7130,27.31,19.81,17.44,8.64,0.22,1.13
7140,26.5,29.87,7.56,8.71,0.1,0.57
7150,22.31,33.63,-1.69,8.61,-0.31,0.39
7160,20.25,33.69,-5.06,8.46,-0.75,0.71
7170,21.56,36.19,-2.19,8.11,-1.27,1.69
7180,22.44,45.81,5,7.81,-1.18,2.12
7190,20.37,63.56,15.44,7.6,-0.75,2.14
7200,13.25,85.75,24.44,7.5,0.15,1.85
7210,3.94,109.06,23.5,7.7,2.1,0.75
7220,-5.19,126.62,8.94,7.64,2.38,0.07
7230,-14.38,138.25,-9.81,6.93,2.09,-0.16
7240,-11.94,145.87,-23.75,6.03,1.62,-0.2
7250,5.06,147.5,-34,5.55,1.46,-0.18
7260,25.94,149.44,-40.69,4.92,1.46,-0.34
7270,37.19,158.12,-44.94,4.6,1.67,-0.77
7280,33.13,167.62,-50.31,3.95,1.75,-2.15
7290,15.38,175.25,-56.56,3.27,1.41,-2.89
7300,-13.69,179.25,-60.5,2.94,0.72,-3.63
7310,-46.81,177.94,-57.81,1.96,-0.34,-3.96
7320,-70.19,170.62,-39.06,-0.07,-1.51,-3.2
7330,-67.94,159.31,-8.38,-2.03,-0.6,-1.95
7340,-42.31,154.81,15.69,0.05,1.34,-1.79
7350,-8.63,150.81,10.63,-0.09,6.51,-0.88
7360,21.12,161,-33.69,-0.3,6.67,-1.84
7370,27.69,178.94,-87.81,-0.98,5.22,-4.09
7380,3,186.81,-129.37,-2.96,2.31,-5.68
7390,-26.81,181.94,-140.37,-5.27,-3.01,-7.97
7400,-47.81,157.69,-125.19,-6.45,-4.98,-8.61
7410,-65.56,122.06,-86.94,-7.58,-5.82,-7.99
7420,-63.94,85.25,-38.19,-8.42,-6.02,-6.51
7430,-34.5,61.38,13.75,-8.64,-1.78,-3.28
7440,11.19,53,44.06,-7.91,1.32,-3.53
7450,39.75,49.44,38.5,-7.44,3.5,-4.58
7460,35.31,40.13,8.19,-6.91,4.47,-5.67
7470,12.75,21.44,-25.44,-7.7,2.67,-5.51
7480,-6.81,1.31,-40,-8.17,1.29,-4.65
7490,-19.81,-12.19,-33.63,-8.5,0.26,-4.1
7500,-27.62,-17.94,-13,-8.69,0.6,-3.3
7510,-22.94,-17.87,12.19,-8.13,2.37,-3.58
7520,-4.56,-21.25,28.06,-7.18,4.61,-4.25
7530,14.56,-33.19,21.37,-6.01,6.63,-5.05
7540,24.94,-53.38,-8.56,-3.96,8.14,-6.35
7550,22.94,-84.06,-52.25,-3.4,7.32,-6.18
7560,9.19,-115.31,-94.94,-3.09,5.48,-5.43
7570,-11.38,-137.75,-122.31,-2.97,3.17,-4.34
7580,-29.19,-149.81,-127.44,-2.6,-0.56,-2.01
7590,-44.38,-151.44,-116.12,-3.05,-1.68,-1.41
7600,-62.69,-143.75,-90.62,-2.91,-2.15,-0.87
7610,-71.31,-132.06,-62.44,-1.64,-0.43,0.42
7620,-57.94,-122.75,-46.88,-0.8,0.79,0
7630,-38.81,-118.06,-44.63,0.15,1.81,-0.89
7640,-31.81,-122.25,-54.94,0.83,2.43,-1.22
7650,-30.25,-128,-73.5,2.05,2.39,-0.15
7660,-19.62,-133.5,-96.87,2.13,1.32,-0.01
7670,-10.5,-137.25,-113.69,2.07,0.06,0.06
7680,-13.13,-136.69,-116.31,1.87,-1,0.33
7690,-21.31,-129.87,-107.44,1.38,-2.61,1.27
7700,-27.25,-118.19,-89,1.49,-2.71,1.46
7710,-27.37,-103.5,-67.19,1.86,-2.38,1.48
7720,-23,-91.5,-50.81,2.38,-1.87,1.3
7730,-19.94,-82.31,-42.56,3.27,-1.22,0.9
7740,-20.56,-76.25,-40.38,3.47,-1.22,0.91
7750,-21.25,-70.19,-40.25,3.49,-1.28,1.05
7760,-16.31,-59.63,-38.56,3.86,-1.06,0.6
7770,-11.06,-48.44,-39.75,4.07,-1.21,-0.19
7780,-15.13,-41.5,-43.81,4.15,-1.63,-0.83
7790,-25.37,-39.31,-46.44,4.05,-2.23,-1.02
7800,-30.75,-39.81,-43.81,3.62,-3.28,-1.09
7810,-27.87,-42,-34.25,3.7,-3.53,-1.38
7820,-25,-50.19,-21.31,3.96,-3.59,-1.51
7830,-27.25,-60.75,-6.81,4.18,-3.98,-0.78
7840,-32.19,-61.19,10.75,4.54,-3.95,3.42
7850,-22.19,-43.5,30,5.67,-2.22,1.88
7860,-11.63,-34.31,35.31,6.22,-1.51,0.23
7870,-18,-43.5,35.81,6.13,-1.29,0.39
7880,-46.44,-48.44,43.94,6.64,-0.24,1.2
7890,-72.5,-39.69,56.5,6.95,1.39,2.37
7900,-80.81,-17.19,56.56,7.59,2.69,2.78
7910,-81.31,5.81,36.81,7.88,3.06,2.32
7920,-84.25,25.06,3.94,7.35,1.55,2.08
7930,-83.5,35.38,-24.87,6.69,-0.45,1.86
7940,-73.06,34.81,-36.88,5.95,-2.12,2.14
7950,-54.69,33.19,-29.37,4.69,-3.62,3.46
7960,-26.5,41.56,-5.56,4.44,-3.17,3.98
7970,8.88,63.94,23.56,4.49,-1.99,3.43
7980,8.88,63.94,23.56,4.58,-0.5,2
7990,33.25,91.87,43.69,4.61,2.19,-0.61
8000,18.62,141.12,42.31,4.47,2.81,-1.48
8010,2.19,150.25,19.25,4,2.71,-2.56
8020,-5.5,135.62,-11.63,2.81,0.39,-3.86
8030,-5.5,135.62,-11.63,2.12,-1.18,-3.42
8040,-3.19,111.94,-35.56,1.5,-2.58,-2.34
8050,17.44,71.19,-42.81,0.82,-3.73,-1.21
8060,31.31,72.94,-29.56,-0.94,-5.44,-0.7
8070,42.38,83.31,-2.31,-1.6,-5.34,-0.85
8080,42.38,83.31,-2.31,-1.6,-5.34,-0.85
8090,48.69,93.31,35.88,-1.78,-2.63,-1.99
8100,46.31,102.87,96.81,-0.97,1.67,-2.66
8110,43.06,103.12,98.31,-0.18,3.18,-3
8120,35.56,99.06,75.5,-0.18,3.99,-2.95
8130,35.56,99.06,75.5,-1.55,1.06,-2.67
8140,38.38,86.69,33.94,-2.9,-1.12,-1.96
8150,31.19,58,1.12,-4.02,-2.39,-0.76
8160,21.75,59.31,30,-4.52,-2.54,0.21
8170,24.12,68.81,69.37,-4,0.07,-0.41
8180,24.12,68.81,69.37,-3.81,1.88,-1.2
8190,26.37,79.37,101.69,-3.81,1.88,-1.2
8200,8.13,87.5,121.56,-3.09,5.37,-1.76
8210,5.75,83.37,104.19,-2.25,7.66,-2.13
8220,12.75,75.62,65.44,-2.47,7.11,-2.79
8230,12.75,75.62,65.44,-2.47,7.11,-2.79
8240,20.25,64.12,7.87,-3.38,4.8,-3.53
8250,17.5,22.94,-57.19,-6.45,-2.8,-2.83
8260,22.81,-3.12,-39.88,-6.81,-3.37,-1.94
8270,33,-24.87,-1.5,-6.36,-2.71,-1.08
8280,33,-24.87,-1.5,-6.36,-2.71,-1.08
8290,35.75,-35.5,33.56,-4.58,0.05,0
8300,-0.37,-21.87,44.81,-3.99,-0.06,0.62
8310,-21.62,-4.69,34.31,-4.38,-1.46,0.32
8320,-30.87,11.63,33.19,-5.82,-3.2,-0.99
8330,-30.87,11.63,33.19,-5.82,-3.2,-0.99
8340,-21.06,19.06,48.5,-5.94,-2.51,-2.13
8350,22.37,1.06,88,-4.85,0.42,-5.07
8360,21.56,-22.19,84.75,-3.99,1.48,-5.93
8370,5.56,-50.25,69.69,-4.01,0.72,-4.93
8380,5.56,-50.25,69.69,-4.01,0.72,-4.93
8390,-12,-77.19,56.31,-4.43,-0.41,-3.44
8400,-25.5,-89.25,56.5,-4.78,-0.7,-1.23
8410,-28.94,-90,70.19,-4.29,0.15,-1.72
8420,-26.12,-85.56,89.12,-3.7,1.03,-2.48
8430,-28.19,-78.75,103.87,-3.7,1.03,-2.48
8440,-37.69,-75.56,109,-2.68,2.18,-3.67
8450,-52.63,-77.37,103.19,-1.89,2.16,-3.78
8460,-64.44,-83.44,91,-1.43,2.06,-3.99
8470,-60.13,-93.44,77.37,-1.24,0.68,-4.42
8480,-45.38,-107.44,60.75,-1.24,0.68,-4.42
8490,-37.75,-121.81,45.19,-1.09,-0.25,-4.59
8500,-39.44,-136,40.25,0.18,-0.76,-3.5
8510,-40.44,-153.44,42.56,1.27,-0.83,-1.16
8520,-35,-171.44,44.13,1.61,-0.8,-0.16
8530,-27.5,-182.94,45.31,1.61,-0.8,-0.16
8540,-21.37,-181.69,46.25,2.04,-0.58,0.58
8550,-14.81,-169,45.56,2.98,-0.21,0.36
8560,-10.69,-152.94,41.38,3.38,-0.15,0.2
8570,-10.13,-138.62,35.38,3.82,-0.24,0.03
8580,-7.12,-131.25,29.56,3.82,-0.24,0.03
8590,-3.19,-129.19,22.5,4.22,-0.99,0.27
8600,-2.12,-128.87,17.75,4.69,-1.74,0.49
8610,-1.37,-128.62,16.87,4.9,-1.74,1.1
8620,-0.06,-129.31,20.62,5.39,-1.35,1.89
8630,2.56,-123.94,25.56,5.39,-1.35,1.89
8640,5.69,-114.25,30.31,5.6,-0.99,1.97
8650,6.25,-99.94,33.44,6.25,-0.36,1.87
8660,5.19,-85.25,31.75,6.39,-0.79,1.97
8670,4.06,-73.5,25.25,6.23,-1.23,2.15
8680,3.25,-64.62,17.06,6.23,-1.23,2.15
8690,3.25,-54.88,13.06,6.14,-1.36,2.43
8700,9,-41.31,15.56,6.58,-0.39,1.62
8710,19.62,-24.56,18.44,6.74,-0.03,0.9
8720,26.94,-7.44,18.81,6.74,0.13,0.29
8730,25.37,5.75,16.25,6.74,0.13,0.29
8740,16.37,13.38,11.31,6.62,0.2,0.12
8750,4.19,16.31,6.25,6.31,-0.27,1.02
8760,-5.31,19.56,1.25,6.09,-0.72,1.46
8770,-7.75,27.31,-4.12,5.43,-1.23,1.57
8780,-2.37,38.94,-5.87,5.43,-1.23,1.57
8790,6.12,55.31,-2.62,5.29,-0.9,1.05
8800,13.19,74.44,5.69,5.09,0.79,-0.14
8810,16.37,92.44,13.63,5.05,2.45,-1.63
8820,14.88,109,17.19,4.98,3.03,-1.96
8830,5.62,117.62,12.13,4.98,3.03,-1.96
8840,-8.19,117.06,-2.06,4.85,3.01,-2.03
8850,-16,108.94,-26.44,3.23,-0.63,-0.8
8860,-14.25,97.37,-49.31,2.81,-1.79,-0.13
8870,-3.62,86.56,-61.63,2.3,-2.74,0.43
8880,10.13,84,-63.56,2.3,-2.74,0.43
8890,21.37,89.44,-55.19,1.42,-3.02,0.66
8900,29.06,102.94,-36.31,1.02,-2.1,0.11
8910,31.81,122.06,-15.13,0.94,-0.67,-0.8
8920,28.81,142,0.62,1.2,0.85,-1.52
8930,21.12,152.5,2.87,1.22,2.48,-2.49
8940,12.44,145.06,-9.94,0.86,2.28,-2.35
8950,9.25,130,-31.06,0.34,1.47,-1.97
8960,13.56,115.56,-48.63,-0.65,-0.21,-1.46
8970,20.19,107.5,-53.38,-0.96,-0.46,-1.04
8980,20.06,109.69,-50.38,-1.22,-0.74,-0.9
8990,13.19,114.31,-44.88,-1.77,-1.21,-1.08
9000,0.25,117.62,-32.25,-2.7,-2.04,-1.53
9010,-12.31,117.75,-13.56,-3,-2.05,-1.55
9020,-19.12,114.87,8.06,-3.36,-1.67,-1.32
9030,-12.06,110.5,25.5,-3.11,-0.52,-0.93
9040,5,101.25,31.12,-2.47,1.58,-0.91
9050,17.5,92.56,26.81,-2.48,2.21,-0.53
9060,26.25,92,18.5,-2.92,2.68,-0.1
9070,31.31,101.69,9.69,-3.34,2.99,-0.46
9080,24.69,110.62,-0.81,-3.86,2.56,-3.09
9090,7.19,109.56,-10.69,-4.47,1.48,-4.03
9100,-6.62,97.37,-9.13,-5.2,0.41,-4.28
9110,-7.37,81.69,5.31,-5.78,-0.26,-4.25
9120,0.19,68.19,23.44,-5.8,0.15,-4.37
9130,5.56,61.94,37.75,-5.99,0.81,-4.6
9140,9.13,62.88,48.19,-5.97,1.95,-5.08
9150,8.5,56.88,48.13,-4.81,4.51,-7.87
9160,-1.56,35.56,32.81,-4.23,5.22,-8.67
9170,-9.13,-4,7.06,-3.64,5.3,-8.84
9180,-11.69,-51.5,-21.06,-3.45,4.89,-8.03
9190,-14.75,-87.56,-42.75,-3.62,2.14,-4.67
9200,-19,-104.5,-49.25,-3.76,1.01,-3.17
9210,-19.94,-105.87,-42.5,-3.73,0.45,-2.01
9220,-15.19,-94.87,-30.25,-3.44,0.8,-0.83
9230,-5.87,-81.44,-19.62,-2.81,1.7,-1.57
9240,-1.94,-76.62,-18.87,-2.24,2.45,-2.55
9250,-5.37,-82.37,-27.25,-1.83,2.89,-3.21
9260,-7,-98,-40,-0.99,2.94,-2.99
9270,-5.87,-116.06,-53.94,-0.66,2.56,-2.52
9280,-10,-129.44,-66.37,-0.42,1.99,-1.96
9290,-17.19,-137.94,-74.62,-0.09,1.52,-1.32
9300,-21.81,-143,-81.56,0.54,0.52,0.16
9310,-24.5,-145,-87.81,0.85,-0.1,0.63
9320,-27.75,-142.75,-90.31,1.11,-0.75,1.09
9330,-30.75,-138.81,-90.31,1.37,-1.23,1.3
9340,-31.5,-132.94,-88.06,1.76,-2.16,2.13
9350,-27,-124.5,-81.94,1.84,-2.21,2.4
9360,-19.19,-110,-75.25,1.89,-2.38,2.44
9370,-8.63,-93.25,-64.44,1.86,-2.09,2.2
9380,6.44,-79,-50.13,2.4,-1.1,1.45
9390,18.56,-71.44,-43.75,2.87,-0.2,0.47
9400,15.94,-71.12,-48.06,3.37,0.44,-0.36
9410,2.37,-75.19,-61.38,3.92,0.17,-0.27
9420,-9.31,-81.19,-76.31,4.07,-0.58,0.14
9430,-15.63,-86.25,-85.81,4.12,-1.5,0.61
9440,-18.69,-89.37,-87.31,4.07,-2.43,1
9450,-17.25,-88.12,-80,4.04,-3.85,2.27
9460,-12.13,-78,-63.31,4.08,-4.15,2.6
9470,-6.5,-59.56,-41.69,4.1,-4.25,2.76
9480,-6.37,-30.75,-18.94,4.02,-4.28,2.71
9490,-7.81,-1.25,4.81,4.19,-2.87,2.17
9500,4.19,23.06,23.12,4.75,-1.37,1.34
9510,23.19,33.38,26.19,5.22,-0.16,0.24
9520,29.31,29.19,16.31,6.1,-0.78,-8.7
9530,-82,0.25,-4.5,5.47,2.64,-0.72
9540,-61.31,-28.62,-23.25,5.78,-0.06,0.51
9550,3.75,-26.44,-43.38,5.66,0.31,5.79
9560,70.87,13.38,-53.19,4.33,-2.73,0.82
9570,43.94,61.25,-43.19,4.22,-2.69,0.02
9580,0.69,95.25,-28.31,4.19,-2.19,0.11
9590,-4.19,111.12,-20.12,4.1,-1.99,-0.53
9600,4.62,106.37,-15.25,3.66,-2.1,-2.18
9610,9.75,90.56,-8.25,3.46,-1.83,-2.48
9620,14.88,71.56,-0.31,3.43,-1.09,-2.27
9630,23.56,58.63,1.12,3.76,0.61,-2.29
9640,24.94,50.63,-9.44,3.77,0.88,-2.07
9650,13.63,45.88,-27.5,3.62,0.51,-1.47
9660,-1.87,45.13,-44.94,3.43,-0.19,-0.61
9670,-9.81,47.81,-54.69,3.52,-1.58,1.15
9680,-5.81,51.38,-61.19,3.65,-2.18,1.81
9690,3.37,57.13,-68.12,3.49,-2.76,2.59
9700,16.25,72.87,-74.19,3.27,-3.42,3.29
9710,30.75,102.12,-74.12,2.24,-5.01,2.85
9720,39.06,135.5,-63.44,1.47,-5.3,2.27
9730,40.56,167.25,-45.19,0.72,-5.27,1.5
9740,43.44,188.12,-21.69,0.07,-4.7,0.39
9750,51.13,188.12,-2.25,-0.72,-3.3,-3.43
9760,47.81,177.75,9.44,-0.5,-2.87,-4.76
9770,30.19,152.62,19.75,-1.47,-2.33,-4.33
9780,18.5,130.75,28,-3.03,-2.87,-3.9
9790,8.25,119.69,44.94,-3.68,-2.78,-3.78
9800,-1.81,118.56,67.94,-4.3,-2.42,-3.96
9810,-5.44,116.87,92.69,-4.63,-1.59,-4.09
9820,0.69,110.19,112.56,-4.15,1.18,-4.53
9830,15.13,98.25,119.94,-3.94,2.47,-4.56
9840,33.44,81.75,113.19,-3.63,3.57,-4.62
9850,51.88,61.63,94.56,-3.08,4.48,-4.45
9860,67.06,38.81,64.19,-2.86,4.56,-3.57
9870,72.12,20.31,29.31,-3.52,3.42,-2.59
9880,67.12,14.31,6.56,-4.1,2.08,-2.13
9890,54.13,16.37,0.56,-5.01,-0.51,-2.09
9900,37.38,18,10.19,-5.37,-1.32,-2.21
9910,23.5,17.44,32.56,-5.46,-1.65,-2.39
9920,13.81,13.13,62.06,-5.57,-1.25,-2.15
9930,15.63,8.75,90.25,-4.72,1.89,-2.05
9940,27.62,6.56,104.81,-4.26,3.19,-2.75
9950,33.31,4.69,100.12,-3.94,3.93,-3.51
9960,26.87,-1.37,80.37,-3.97,3.77,-4.14
9970,11.69,-11.75,60.38,-4.84,1.58,-4.28
9980,-4.25,-24.19,51.88,-5.3,0.36,-3.79
9990,-13.31,-31.56,60.19,-5.36,-0.21,-3.68
10000,-19.06,-32.81,77.69,-5.32,-0.51,-4.33